method,intent_id,domain,condition,query,correct_hypothesis,predicted_hypothesis,correct,action,recall_at_10,reciprocal_rank,ndcg_at_10,retrieval_calls,retrieval_calls_avoided,explore_rounds,pruned_explorations,mean_document_novelty,total_belief_variation,observed_entropy_reduction,latency_ms
hybrid,astro-01,astronomy,q2,The starlight keeps dipping when something crosses the disk,astro.exoplanet_transit,astro.exoplanet_transit,True,ANSWER,0.5,1.0,0.6131471927654584,1,0,0,0,1.0,0.0,0.0,0.4273999948054552
hybrid,astro-02,astronomy,q2,Fast rise slow decay from a star flash in x rays,astro.stellar_flare,astro.stellar_flare,True,ANSWER,1.0,1.0,1.0,1,0,0,0,1.0,0.0,0.0,0.3168999683111906
hybrid,astro-03,astronomy,q2,Gravity lens flash with an achromatic symmetric bump,astro.microlensing,astro.microlensing,True,ANSWER,1.0,1.0,1.0,1,0,0,0,1.0,0.0,0.0,0.29450003057718277
full,astro-01,astronomy,q2,The starlight keeps dipping when something crosses the disk,astro.exoplanet_transit,astro.exoplanet_transit,True,ASK,1.0,1.0,0.8503449055347546,5,2,1,1,0.85,0.12593660302512866,0.016430784441464397,3.3708999399095774
full,astro-02,astronomy,q2,Fast rise slow decay from a star flash in x rays,astro.stellar_flare,astro.stellar_flare,True,ASK,1.0,1.0,1.0,6,2,1,1,0.375,0.28651373970187094,0.2581621348119718,3.3927999902516603
full,astro-03,astronomy,q2,Gravity lens flash with an achromatic symmetric bump,astro.microlensing,astro.microlensing,True,ASK,1.0,0.5,0.6934264036172708,6,2,1,1,0.7916666666666666,0.08158048586030948,0.10054493279945542,3.4398999996483326
noExplore,astro-01,astronomy,q2,The starlight keeps dipping when something crosses the disk,astro.exoplanet_transit,astro.exoplanet_transit,True,ASK,0.5,1.0,0.6131471927654584,3,0,0,0,1.0,0.09219197429068463,0.026286635168608852,1.7828000709414482
noExplore,astro-02,astronomy,q2,Fast rise slow decay from a star flash in x rays,astro.stellar_flare,astro.stellar_flare,True,ASK,0.5,1.0,0.6131471927654584,4,0,0,0,0.25,0.2743276954170291,0.2765840902501706,2.0397999323904514
noExplore,astro-03,astronomy,q2,Gravity lens flash with an achromatic symmetric bump,astro.microlensing,astro.microlensing,True,ASK,0.5,0.5,0.38685280723454163,4,0,0,0,1.0,0.039583586514732316,0.04217541712484518,2.0870999433100224
