state_id,cluster_id,split_role,regime_id,entropy,voi_oracle_raw,delta_u_force_explore,delta_u,useful_label,proxy_kernel_name,true_kernel_name,R_drs,R_jsd,R_tv,R_entropy,voi_bound_tv
high_H_high_R|b=0.46|c=0.02,high_H_high_R,development,high_H_high_R,0.9953784388202258,0.3600000000000001,0.3400000000000001,,BENEFICIAL,bernoulli_0.90,bernoulli_0.90,0.46799999999999997,0.36601480677147535,0.8,0.6899437584583995,0.39744000000000007
high_H_high_R|b=0.46|c=0.1,high_H_high_R,development,high_H_high_R,0.9953784388202258,0.3600000000000001,0.2600000000000001,,BENEFICIAL,bernoulli_0.90,bernoulli_0.90,0.46799999999999997,0.36601480677147535,0.8,0.6899437584583995,0.39744000000000007
high_H_high_R|b=0.46|c=0.25,high_H_high_R,development,high_H_high_R,0.9953784388202258,0.3600000000000001,0.1100000000000001,,BENEFICIAL,bernoulli_0.90,bernoulli_0.90,0.46799999999999997,0.36601480677147535,0.8,0.6899437584583995,0.39744000000000007
high_H_high_R|b=0.5|c=0.02,high_H_high_R,development,high_H_high_R,1.0,0.4,0.38,,BENEFICIAL,bernoulli_0.90,bernoulli_0.90,0.5,0.36806420716849714,0.8,0.6931471805599453,0.4
high_H_high_R|b=0.5|c=0.1,high_H_high_R,development,high_H_high_R,1.0,0.4,0.30000000000000004,,BENEFICIAL,bernoulli_0.90,bernoulli_0.90,0.5,0.36806420716849714,0.8,0.6931471805599453,0.4
high_H_high_R|b=0.5|c=0.25,high_H_high_R,development,high_H_high_R,1.0,0.4,0.15000000000000002,,BENEFICIAL,bernoulli_0.90,bernoulli_0.90,0.5,0.36806420716849714,0.8,0.6931471805599453,0.4
high_H_high_R|b=0.54|c=0.02,high_H_high_R,development,high_H_high_R,0.9953784388202258,0.36,0.33999999999999997,,BENEFICIAL,bernoulli_0.90,bernoulli_0.90,0.46799999999999997,0.3660148067714754,0.8,0.6899437584583995,0.39744
high_H_high_R|b=0.54|c=0.1,high_H_high_R,development,high_H_high_R,0.9953784388202258,0.36,0.26,,BENEFICIAL,bernoulli_0.90,bernoulli_0.90,0.46799999999999997,0.3660148067714754,0.8,0.6899437584583995,0.39744
high_H_high_R|b=0.54|c=0.25,high_H_high_R,development,high_H_high_R,0.9953784388202258,0.36,0.10999999999999999,,BENEFICIAL,bernoulli_0.90,bernoulli_0.90,0.46799999999999997,0.3660148067714754,0.8,0.6899437584583995,0.39744
high_H_low_R|b=0.46|c=0.02,high_H_low_R,development,high_H_low_R,0.9953784388202258,1.1102230246251565e-16,-0.01999999999999989,,NEAR_ZERO,near_identical,near_identical,0.0,1.9872013331319913e-06,0.0020000000000000018,0.6899437584583995,0.000993600000000001
high_H_low_R|b=0.46|c=0.1,high_H_low_R,development,high_H_low_R,0.9953784388202258,1.1102230246251565e-16,-0.0999999999999999,,HARMFUL,near_identical,near_identical,0.0,1.9872013331319913e-06,0.0020000000000000018,0.6899437584583995,0.000993600000000001
high_H_low_R|b=0.46|c=0.25,high_H_low_R,development,high_H_low_R,0.9953784388202258,1.1102230246251565e-16,-0.2499999999999999,,HARMFUL,near_identical,near_identical,0.0,1.9872013331319913e-06,0.0020000000000000018,0.6899437584583995,0.000993600000000001
high_H_low_R|b=0.5|c=0.02,high_H_low_R,development,high_H_low_R,1.0,0.0010000000000000009,-0.019,,NEAR_ZERO,near_identical,near_identical,0.5,2.0000013333354005e-06,0.0020000000000000018,0.6931471805599453,0.0010000000000000009
high_H_low_R|b=0.5|c=0.1,high_H_low_R,development,high_H_low_R,1.0,0.0010000000000000009,-0.099,,HARMFUL,near_identical,near_identical,0.5,2.0000013333354005e-06,0.0020000000000000018,0.6931471805599453,0.0010000000000000009
high_H_low_R|b=0.5|c=0.25,high_H_low_R,development,high_H_low_R,1.0,0.0010000000000000009,-0.249,,HARMFUL,near_identical,near_identical,0.5,2.0000013333354005e-06,0.0020000000000000018,0.6931471805599453,0.0010000000000000009
high_H_low_R|b=0.54|c=0.02,high_H_low_R,development,high_H_low_R,0.9953784388202258,0.0,-0.02,,NEAR_ZERO,near_identical,near_identical,0.0,1.9872013332430136e-06,0.0020000000000000018,0.6899437584583995,0.000993600000000001
high_H_low_R|b=0.54|c=0.1,high_H_low_R,development,high_H_low_R,0.9953784388202258,0.0,-0.1,,HARMFUL,near_identical,near_identical,0.0,1.9872013332430136e-06,0.0020000000000000018,0.6899437584583995,0.000993600000000001
high_H_low_R|b=0.54|c=0.25,high_H_low_R,development,high_H_low_R,0.9953784388202258,0.0,-0.25,,HARMFUL,near_identical,near_identical,0.0,1.9872013332430136e-06,0.0020000000000000018,0.6899437584583995,0.000993600000000001
low_H_high_R|b=0.12|c=0.02,low_H_high_R,model_selection,low_H_high_R,0.5293608652873644,0.020000000000000018,1.734723475976807e-17,,NEAR_ZERO,bernoulli_0.90,bernoulli_0.90,0.19599999999999998,0.16972401996161843,0.8,0.3669249912727096,0.16896
low_H_high_R|b=0.12|c=0.1,low_H_high_R,model_selection,low_H_high_R,0.5293608652873644,0.020000000000000018,-0.07999999999999999,,HARMFUL,bernoulli_0.90,bernoulli_0.90,0.19599999999999998,0.16972401996161843,0.8,0.3669249912727096,0.16896
low_H_high_R|b=0.12|c=0.25,low_H_high_R,model_selection,low_H_high_R,0.5293608652873644,0.020000000000000018,-0.22999999999999998,,HARMFUL,bernoulli_0.90,bernoulli_0.90,0.19599999999999998,0.16972401996161843,0.8,0.3669249912727096,0.16896
low_H_high_R|b=0.18|c=0.02,low_H_high_R,model_selection,low_H_high_R,0.6800770457282798,0.08000000000000007,0.06000000000000007,,BENEFICIAL,bernoulli_0.90,bernoulli_0.90,0.24399999999999994,0.23056397822742047,0.8,0.4713934868100941,0.23616000000000004
low_H_high_R|b=0.18|c=0.1,low_H_high_R,model_selection,low_H_high_R,0.6800770457282798,0.08000000000000007,-0.019999999999999934,,NEAR_ZERO,bernoulli_0.90,bernoulli_0.90,0.24399999999999994,0.23056397822742047,0.8,0.4713934868100941,0.23616000000000004
low_H_high_R|b=0.18|c=0.25,low_H_high_R,model_selection,low_H_high_R,0.6800770457282798,0.08000000000000007,-0.16999999999999993,,HARMFUL,bernoulli_0.90,bernoulli_0.90,0.24399999999999994,0.23056397822742047,0.8,0.4713934868100941,0.23616000000000004
low_H_high_R|b=0.88|c=0.02,low_H_high_R,model_selection,low_H_high_R,0.5293608652873644,0.020000000000000018,1.734723475976807e-17,,NEAR_ZERO,bernoulli_0.90,bernoulli_0.90,0.19599999999999998,0.16972401996161843,0.8,0.3669249912727096,0.16896
low_H_high_R|b=0.88|c=0.1,low_H_high_R,model_selection,low_H_high_R,0.5293608652873644,0.020000000000000018,-0.07999999999999999,,HARMFUL,bernoulli_0.90,bernoulli_0.90,0.19599999999999998,0.16972401996161843,0.8,0.3669249912727096,0.16896
low_H_high_R|b=0.88|c=0.25,low_H_high_R,model_selection,low_H_high_R,0.5293608652873644,0.020000000000000018,-0.22999999999999998,,HARMFUL,bernoulli_0.90,bernoulli_0.90,0.19599999999999998,0.16972401996161843,0.8,0.3669249912727096,0.16896
low_H_low_R|b=0.12|c=0.02,low_H_low_R,model_selection,low_H_low_R,0.5293608652873644,0.0,-0.02,,NEAR_ZERO,near_identical,near_identical,0.0,8.44800888550525e-07,0.0020000000000000018,0.3669249912727096,0.00042240000000000035
low_H_low_R|b=0.12|c=0.1,low_H_low_R,model_selection,low_H_low_R,0.5293608652873644,0.0,-0.1,,HARMFUL,near_identical,near_identical,0.0,8.44800888550525e-07,0.0020000000000000018,0.3669249912727096,0.00042240000000000035
low_H_low_R|b=0.12|c=0.25,low_H_low_R,model_selection,low_H_low_R,0.5293608652873644,0.0,-0.25,,HARMFUL,near_identical,near_identical,0.0,8.44800888550525e-07,0.0020000000000000018,0.3669249912727096,0.00042240000000000035
low_H_low_R|b=0.18|c=0.02,low_H_low_R,model_selection,low_H_low_R,0.6800770457282798,-1.1102230246251565e-16,-0.02000000000000011,,NEAR_ZERO,near_identical,near_identical,0.0,1.1808011096003228e-06,0.0020000000000000018,0.4713934868100941,0.0005904000000000006
low_H_low_R|b=0.18|c=0.1,low_H_low_R,model_selection,low_H_low_R,0.6800770457282798,-1.1102230246251565e-16,-0.10000000000000012,,HARMFUL,near_identical,near_identical,0.0,1.1808011096003228e-06,0.0020000000000000018,0.4713934868100941,0.0005904000000000006
low_H_low_R|b=0.18|c=0.25,low_H_low_R,model_selection,low_H_low_R,0.6800770457282798,-1.1102230246251565e-16,-0.2500000000000001,,HARMFUL,near_identical,near_identical,0.0,1.1808011096003228e-06,0.0020000000000000018,0.4713934868100941,0.0005904000000000006
low_H_low_R|b=0.88|c=0.02,low_H_low_R,model_selection,low_H_low_R,0.5293608652873644,0.0,-0.02,,NEAR_ZERO,near_identical,near_identical,0.0,8.44800888550525e-07,0.0020000000000000018,0.3669249912727096,0.00042240000000000035
low_H_low_R|b=0.88|c=0.1,low_H_low_R,model_selection,low_H_low_R,0.5293608652873644,0.0,-0.1,,HARMFUL,near_identical,near_identical,0.0,8.44800888550525e-07,0.0020000000000000018,0.3669249912727096,0.00042240000000000035
low_H_low_R|b=0.88|c=0.25,low_H_low_R,model_selection,low_H_low_R,0.5293608652873644,0.0,-0.25,,HARMFUL,near_identical,near_identical,0.0,8.44800888550525e-07,0.0020000000000000018,0.3669249912727096,0.00042240000000000035
near_zero_treatment|b=0.4|c=0.02,near_zero_treatment,model_selection,near_zero_treatment,0.9709505944546688,0.0,-0.02,,NEAR_ZERO,heavy_overlap,heavy_overlap,0.0,0.0007682131286417301,0.040000000000000036,0.6730116670092565,0.019200000000000016
near_zero_treatment|b=0.4|c=0.1,near_zero_treatment,model_selection,near_zero_treatment,0.9709505944546688,0.0,-0.1,,HARMFUL,heavy_overlap,heavy_overlap,0.0,0.0007682131286417301,0.040000000000000036,0.6730116670092565,0.019200000000000016
near_zero_treatment|b=0.4|c=0.25,near_zero_treatment,model_selection,near_zero_treatment,0.9709505944546688,0.0,-0.25,,HARMFUL,heavy_overlap,heavy_overlap,0.0,0.0007682131286417301,0.040000000000000036,0.6730116670092565,0.019200000000000016
near_zero_treatment|b=0.5|c=0.02,near_zero_treatment,model_selection,near_zero_treatment,1.0,0.020000000000000018,1.734723475976807e-17,,NEAR_ZERO,heavy_overlap,heavy_overlap,0.5,0.0008002134699838133,0.040000000000000036,0.6931471805599453,0.020000000000000018
near_zero_treatment|b=0.5|c=0.1,near_zero_treatment,model_selection,near_zero_treatment,1.0,0.020000000000000018,-0.07999999999999999,,HARMFUL,heavy_overlap,heavy_overlap,0.5,0.0008002134699838133,0.040000000000000036,0.6931471805599453,0.020000000000000018
near_zero_treatment|b=0.5|c=0.25,near_zero_treatment,model_selection,near_zero_treatment,1.0,0.020000000000000018,-0.22999999999999998,,HARMFUL,heavy_overlap,heavy_overlap,0.5,0.0008002134699838133,0.040000000000000036,0.6931471805599453,0.020000000000000018
near_zero_treatment|b=0.6|c=0.02,near_zero_treatment,model_selection,near_zero_treatment,0.9709505944546688,0.0,-0.02,,NEAR_ZERO,heavy_overlap,heavy_overlap,0.0,0.0007682131286417301,0.040000000000000036,0.6730116670092565,0.019200000000000016
near_zero_treatment|b=0.6|c=0.1,near_zero_treatment,model_selection,near_zero_treatment,0.9709505944546688,0.0,-0.1,,HARMFUL,heavy_overlap,heavy_overlap,0.0,0.0007682131286417301,0.040000000000000036,0.6730116670092565,0.019200000000000016
near_zero_treatment|b=0.6|c=0.25,near_zero_treatment,model_selection,near_zero_treatment,0.9709505944546688,0.0,-0.25,,HARMFUL,heavy_overlap,heavy_overlap,0.0,0.0007682131286417301,0.040000000000000036,0.6730116670092565,0.019200000000000016
false_recoverability|b=0.46|c=0.02,false_recoverability,registered_test,false_recoverability,0.9953784388202258,1.1102230246251565e-16,-0.01999999999999989,,NEAR_ZERO,bernoulli_0.90,near_identical,0.46799999999999997,0.36601480677147535,0.8,0.6899437584583995,0.000993600000000001
false_recoverability|b=0.46|c=0.1,false_recoverability,registered_test,false_recoverability,0.9953784388202258,1.1102230246251565e-16,-0.0999999999999999,,HARMFUL,bernoulli_0.90,near_identical,0.46799999999999997,0.36601480677147535,0.8,0.6899437584583995,0.000993600000000001
false_recoverability|b=0.46|c=0.25,false_recoverability,registered_test,false_recoverability,0.9953784388202258,1.1102230246251565e-16,-0.2499999999999999,,HARMFUL,bernoulli_0.90,near_identical,0.46799999999999997,0.36601480677147535,0.8,0.6899437584583995,0.000993600000000001
false_recoverability|b=0.5|c=0.02,false_recoverability,registered_test,false_recoverability,1.0,0.0010000000000000009,-0.019,,NEAR_ZERO,bernoulli_0.90,near_identical,0.5,0.36806420716849714,0.8,0.6931471805599453,0.0010000000000000009
false_recoverability|b=0.5|c=0.1,false_recoverability,registered_test,false_recoverability,1.0,0.0010000000000000009,-0.099,,HARMFUL,bernoulli_0.90,near_identical,0.5,0.36806420716849714,0.8,0.6931471805599453,0.0010000000000000009
false_recoverability|b=0.5|c=0.25,false_recoverability,registered_test,false_recoverability,1.0,0.0010000000000000009,-0.249,,HARMFUL,bernoulli_0.90,near_identical,0.5,0.36806420716849714,0.8,0.6931471805599453,0.0010000000000000009
false_recoverability|b=0.54|c=0.02,false_recoverability,registered_test,false_recoverability,0.9953784388202258,0.0,-0.02,,NEAR_ZERO,bernoulli_0.90,near_identical,0.46799999999999997,0.3660148067714754,0.8,0.6899437584583995,0.000993600000000001
false_recoverability|b=0.54|c=0.1,false_recoverability,registered_test,false_recoverability,0.9953784388202258,0.0,-0.1,,HARMFUL,bernoulli_0.90,near_identical,0.46799999999999997,0.3660148067714754,0.8,0.6899437584583995,0.000993600000000001
false_recoverability|b=0.54|c=0.25,false_recoverability,registered_test,false_recoverability,0.9953784388202258,0.0,-0.25,,HARMFUL,bernoulli_0.90,near_identical,0.46799999999999997,0.3660148067714754,0.8,0.6899437584583995,0.000993600000000001
hidden_recoverability|b=0.46|c=0.02,hidden_recoverability,registered_test,hidden_recoverability,0.9953784388202258,0.3600000000000001,0.3400000000000001,,BENEFICIAL,near_identical,bernoulli_0.90,0.0,1.9872013331319913e-06,0.0020000000000000018,0.6899437584583995,0.39744000000000007
hidden_recoverability|b=0.46|c=0.1,hidden_recoverability,registered_test,hidden_recoverability,0.9953784388202258,0.3600000000000001,0.2600000000000001,,BENEFICIAL,near_identical,bernoulli_0.90,0.0,1.9872013331319913e-06,0.0020000000000000018,0.6899437584583995,0.39744000000000007
hidden_recoverability|b=0.46|c=0.25,hidden_recoverability,registered_test,hidden_recoverability,0.9953784388202258,0.3600000000000001,0.1100000000000001,,BENEFICIAL,near_identical,bernoulli_0.90,0.0,1.9872013331319913e-06,0.0020000000000000018,0.6899437584583995,0.39744000000000007
hidden_recoverability|b=0.5|c=0.02,hidden_recoverability,registered_test,hidden_recoverability,1.0,0.4,0.38,,BENEFICIAL,near_identical,bernoulli_0.90,0.5,2.0000013333354005e-06,0.0020000000000000018,0.6931471805599453,0.4
hidden_recoverability|b=0.5|c=0.1,hidden_recoverability,registered_test,hidden_recoverability,1.0,0.4,0.30000000000000004,,BENEFICIAL,near_identical,bernoulli_0.90,0.5,2.0000013333354005e-06,0.0020000000000000018,0.6931471805599453,0.4
hidden_recoverability|b=0.5|c=0.25,hidden_recoverability,registered_test,hidden_recoverability,1.0,0.4,0.15000000000000002,,BENEFICIAL,near_identical,bernoulli_0.90,0.5,2.0000013333354005e-06,0.0020000000000000018,0.6931471805599453,0.4
hidden_recoverability|b=0.54|c=0.02,hidden_recoverability,registered_test,hidden_recoverability,0.9953784388202258,0.36,0.33999999999999997,,BENEFICIAL,near_identical,bernoulli_0.90,0.0,1.9872013332430136e-06,0.0020000000000000018,0.6899437584583995,0.39744
hidden_recoverability|b=0.54|c=0.1,hidden_recoverability,registered_test,hidden_recoverability,0.9953784388202258,0.36,0.26,,BENEFICIAL,near_identical,bernoulli_0.90,0.0,1.9872013332430136e-06,0.0020000000000000018,0.6899437584583995,0.39744
hidden_recoverability|b=0.54|c=0.25,hidden_recoverability,registered_test,hidden_recoverability,0.9953784388202258,0.36,0.10999999999999999,,BENEFICIAL,near_identical,bernoulli_0.90,0.0,1.9872013332430136e-06,0.0020000000000000018,0.6899437584583995,0.39744
misspecified_observation|b=0.3|c=0.02,misspecified_observation,registered_test,misspecified_observation,0.8812908992306927,0.22000000000000008,0.2000000000000001,,BENEFICIAL,heavy_overlap,bernoulli_0.92,0.0,0.0006722080080911345,0.040000000000000036,0.6108643020548935,0.3528
misspecified_observation|b=0.3|c=0.1,misspecified_observation,registered_test,misspecified_observation,0.8812908992306927,0.22000000000000008,0.12000000000000008,,BENEFICIAL,heavy_overlap,bernoulli_0.92,0.0,0.0006722080080911345,0.040000000000000036,0.6108643020548935,0.3528
misspecified_observation|b=0.3|c=0.25,misspecified_observation,registered_test,misspecified_observation,0.8812908992306927,0.22000000000000008,-0.029999999999999916,,NEAR_ZERO,heavy_overlap,bernoulli_0.92,0.0,0.0006722080080911345,0.040000000000000036,0.6108643020548935,0.3528
misspecified_observation|b=0.5|c=0.02,misspecified_observation,registered_test,misspecified_observation,1.0,0.42000000000000004,0.4,,BENEFICIAL,heavy_overlap,bernoulli_0.92,0.5,0.0008002134699838133,0.040000000000000036,0.6931471805599453,0.42000000000000004
misspecified_observation|b=0.5|c=0.1,misspecified_observation,registered_test,misspecified_observation,1.0,0.42000000000000004,0.32000000000000006,,BENEFICIAL,heavy_overlap,bernoulli_0.92,0.5,0.0008002134699838133,0.040000000000000036,0.6931471805599453,0.42000000000000004
misspecified_observation|b=0.5|c=0.25,misspecified_observation,registered_test,misspecified_observation,1.0,0.42000000000000004,0.17000000000000004,,BENEFICIAL,heavy_overlap,bernoulli_0.92,0.5,0.0008002134699838133,0.040000000000000036,0.6931471805599453,0.42000000000000004
misspecified_observation|b=0.7|c=0.02,misspecified_observation,registered_test,misspecified_observation,0.8812908992306927,0.2200000000000002,0.2000000000000002,,BENEFICIAL,heavy_overlap,bernoulli_0.92,0.0,0.0006722080080911346,0.040000000000000036,0.6108643020548935,0.35280000000000006
misspecified_observation|b=0.7|c=0.1,misspecified_observation,registered_test,misspecified_observation,0.8812908992306927,0.2200000000000002,0.12000000000000019,,BENEFICIAL,heavy_overlap,bernoulli_0.92,0.0,0.0006722080080911346,0.040000000000000036,0.6108643020548935,0.35280000000000006
misspecified_observation|b=0.7|c=0.25,misspecified_observation,registered_test,misspecified_observation,0.8812908992306927,0.2200000000000002,-0.029999999999999805,,NEAR_ZERO,heavy_overlap,bernoulli_0.92,0.0,0.0006722080080911346,0.040000000000000036,0.6108643020548935,0.35280000000000006
heldout_family_true_proxy|b=0.46|c=0.02,heldout_family_true_proxy,registered_test,heldout_family_true_proxy,0.9953784388202258,0.36,0.33999999999999997,,BENEFICIAL,multimodal,multimodal,0.46799999999999997,0.36601480677147524,0.8,0.6899437584583995,0.39744000000000007
heldout_family_true_proxy|b=0.46|c=0.1,heldout_family_true_proxy,registered_test,heldout_family_true_proxy,0.9953784388202258,0.36,0.26,,BENEFICIAL,multimodal,multimodal,0.46799999999999997,0.36601480677147524,0.8,0.6899437584583995,0.39744000000000007
heldout_family_true_proxy|b=0.46|c=0.25,heldout_family_true_proxy,registered_test,heldout_family_true_proxy,0.9953784388202258,0.36,0.10999999999999999,,BENEFICIAL,multimodal,multimodal,0.46799999999999997,0.36601480677147524,0.8,0.6899437584583995,0.39744000000000007
heldout_family_true_proxy|b=0.5|c=0.02,heldout_family_true_proxy,registered_test,heldout_family_true_proxy,1.0,0.4,0.38,,BENEFICIAL,multimodal,multimodal,0.5,0.3680642071684971,0.8,0.6931471805599453,0.4
heldout_family_true_proxy|b=0.5|c=0.1,heldout_family_true_proxy,registered_test,heldout_family_true_proxy,1.0,0.4,0.30000000000000004,,BENEFICIAL,multimodal,multimodal,0.5,0.3680642071684971,0.8,0.6931471805599453,0.4
heldout_family_true_proxy|b=0.5|c=0.25,heldout_family_true_proxy,registered_test,heldout_family_true_proxy,1.0,0.4,0.15000000000000002,,BENEFICIAL,multimodal,multimodal,0.5,0.3680642071684971,0.8,0.6931471805599453,0.4
heldout_family_true_proxy|b=0.54|c=0.02,heldout_family_true_proxy,registered_test,heldout_family_true_proxy,0.9953784388202258,0.36,0.33999999999999997,,BENEFICIAL,multimodal,multimodal,0.46799999999999997,0.36601480677147535,0.8,0.6899437584583995,0.39744
heldout_family_true_proxy|b=0.54|c=0.1,heldout_family_true_proxy,registered_test,heldout_family_true_proxy,0.9953784388202258,0.36,0.26,,BENEFICIAL,multimodal,multimodal,0.46799999999999997,0.36601480677147535,0.8,0.6899437584583995,0.39744
heldout_family_true_proxy|b=0.54|c=0.25,heldout_family_true_proxy,registered_test,heldout_family_true_proxy,0.9953784388202258,0.36,0.10999999999999999,,BENEFICIAL,multimodal,multimodal,0.46799999999999997,0.36601480677147535,0.8,0.6899437584583995,0.39744
