backend,target,feature,n_positive,n_other,mean_positive,mean_other,difference,cohens_d,ci_low,ci_high,split_scope,status,used_sealed_test
neural|wdi-ci-2026-08-26-6ead85fe,RESCUE,top1_score,0,0,,,,,,,calibration+development,EXPLORATORY,False
neural|wdi-ci-2026-08-26-6ead85fe,RESCUE,top2_score,0,0,,,,,,,calibration+development,EXPLORATORY,False
neural|wdi-ci-2026-08-26-6ead85fe,RESCUE,margin,0,0,,,,,,,calibration+development,EXPLORATORY,False
neural|wdi-ci-2026-08-26-6ead85fe,RESCUE,entropy,0,0,,,,,,,calibration+development,EXPLORATORY,False
neural|wdi-ci-2026-08-26-6ead85fe,RESCUE,complexity_score,0,30,,,,,,,calibration+development,EXPLORATORY,False
neural|wdi-ci-2026-08-26-6ead85fe,RESCUE,ambiguity_score,0,30,,,,,,,calibration+development,EXPLORATORY,False
neural|wdi-ci-2026-08-26-6ead85fe,RESCUE,open_set_score,0,30,,,,,,,calibration+development,EXPLORATORY,False
neural|wdi-ci-2026-08-26-6ead85fe,RESCUE,unknown_score,0,30,,,,,,,calibration+development,EXPLORATORY,False
neural|wdi-ci-2026-08-26-6ead85fe,RESCUE,missingness,0,30,,,,,,,calibration+development,EXPLORATORY,False
neural|wdi-ci-2026-08-26-6ead85fe,RESCUE,hypothesis_disagreement,0,30,,,,,,,calibration+development,EXPLORATORY,False
neural|wdi-ci-2026-08-26-6ead85fe,RESCUE,retriever_disagreement,0,0,,,,,,,calibration+development,EXPLORATORY,False
neural|wdi-ci-2026-08-26-6ead85fe,RESCUE,retrieval_calls,0,30,,,,,,,calibration+development,EXPLORATORY,False
neural|wdi-ci-2026-08-26-6ead85fe,RESCUE,latency_ms,0,0,,,,,,,calibration+development,EXPLORATORY,False
neural|wdi-ci-2026-08-26-6ead85fe,RESCUE,compute_proxy,0,0,,,,,,,calibration+development,EXPLORATORY,False
neural|wdi-ci-2026-08-26-6ead85fe,OVERTHINKING,top1_score,0,0,,,,,,,calibration+development,EXPLORATORY,False
neural|wdi-ci-2026-08-26-6ead85fe,OVERTHINKING,top2_score,0,0,,,,,,,calibration+development,EXPLORATORY,False
neural|wdi-ci-2026-08-26-6ead85fe,OVERTHINKING,margin,0,0,,,,,,,calibration+development,EXPLORATORY,False
neural|wdi-ci-2026-08-26-6ead85fe,OVERTHINKING,entropy,0,0,,,,,,,calibration+development,EXPLORATORY,False
neural|wdi-ci-2026-08-26-6ead85fe,OVERTHINKING,complexity_score,0,30,,,,,,,calibration+development,EXPLORATORY,False
neural|wdi-ci-2026-08-26-6ead85fe,OVERTHINKING,ambiguity_score,0,30,,,,,,,calibration+development,EXPLORATORY,False
neural|wdi-ci-2026-08-26-6ead85fe,OVERTHINKING,open_set_score,0,30,,,,,,,calibration+development,EXPLORATORY,False
neural|wdi-ci-2026-08-26-6ead85fe,OVERTHINKING,unknown_score,0,30,,,,,,,calibration+development,EXPLORATORY,False
neural|wdi-ci-2026-08-26-6ead85fe,OVERTHINKING,missingness,0,30,,,,,,,calibration+development,EXPLORATORY,False
neural|wdi-ci-2026-08-26-6ead85fe,OVERTHINKING,hypothesis_disagreement,0,30,,,,,,,calibration+development,EXPLORATORY,False
neural|wdi-ci-2026-08-26-6ead85fe,OVERTHINKING,retriever_disagreement,0,0,,,,,,,calibration+development,EXPLORATORY,False
neural|wdi-ci-2026-08-26-6ead85fe,OVERTHINKING,retrieval_calls,0,30,,,,,,,calibration+development,EXPLORATORY,False
neural|wdi-ci-2026-08-26-6ead85fe,OVERTHINKING,latency_ms,0,0,,,,,,,calibration+development,EXPLORATORY,False
neural|wdi-ci-2026-08-26-6ead85fe,OVERTHINKING,compute_proxy,0,0,,,,,,,calibration+development,EXPLORATORY,False
bm25|wdi-pilot-2026-08-26-b6ddb672,RESCUE,top1_score,0,0,,,,,,,calibration+development,EXPLORATORY,False
bm25|wdi-pilot-2026-08-26-b6ddb672,RESCUE,top2_score,0,0,,,,,,,calibration+development,EXPLORATORY,False
bm25|wdi-pilot-2026-08-26-b6ddb672,RESCUE,margin,0,0,,,,,,,calibration+development,EXPLORATORY,False
bm25|wdi-pilot-2026-08-26-b6ddb672,RESCUE,entropy,0,0,,,,,,,calibration+development,EXPLORATORY,False
bm25|wdi-pilot-2026-08-26-b6ddb672,RESCUE,complexity_score,0,2172,,,,,,,calibration+development,EXPLORATORY,False
bm25|wdi-pilot-2026-08-26-b6ddb672,RESCUE,ambiguity_score,0,2172,,,,,,,calibration+development,EXPLORATORY,False
bm25|wdi-pilot-2026-08-26-b6ddb672,RESCUE,open_set_score,0,2172,,,,,,,calibration+development,EXPLORATORY,False
bm25|wdi-pilot-2026-08-26-b6ddb672,RESCUE,unknown_score,0,2172,,,,,,,calibration+development,EXPLORATORY,False
bm25|wdi-pilot-2026-08-26-b6ddb672,RESCUE,missingness,0,2172,,,,,,,calibration+development,EXPLORATORY,False
bm25|wdi-pilot-2026-08-26-b6ddb672,RESCUE,hypothesis_disagreement,0,2172,,,,,,,calibration+development,EXPLORATORY,False
bm25|wdi-pilot-2026-08-26-b6ddb672,RESCUE,retriever_disagreement,0,0,,,,,,,calibration+development,EXPLORATORY,False
bm25|wdi-pilot-2026-08-26-b6ddb672,RESCUE,retrieval_calls,0,2172,,,,,,,calibration+development,EXPLORATORY,False
bm25|wdi-pilot-2026-08-26-b6ddb672,RESCUE,latency_ms,0,2172,,,,,,,calibration+development,EXPLORATORY,False
bm25|wdi-pilot-2026-08-26-b6ddb672,RESCUE,compute_proxy,0,2172,,,,,,,calibration+development,EXPLORATORY,False
bm25|wdi-pilot-2026-08-26-b6ddb672,OVERTHINKING,missingness,282,1890,0.4391843971631205,0.2738359788359788,0.1653484183271417,0.954873385356133,0.1517426545086119,0.17967691095350669,calibration+development,EXPLORATORY,False
bm25|wdi-pilot-2026-08-26-b6ddb672,OVERTHINKING,complexity_score,282,1890,0.24527778723404253,0.3532245137566138,-0.10794672652257126,-0.6209915121863807,-0.12411475866261396,-0.09030055788584934,calibration+development,EXPLORATORY,False
bm25|wdi-pilot-2026-08-26-b6ddb672,OVERTHINKING,hypothesis_disagreement,282,1890,0.0018920974865237268,0.009222223304686014,-0.007330125818162288,-0.5147523726381253,-0.008615050222370333,-0.006054711956875925,calibration+development,EXPLORATORY,False
bm25|wdi-pilot-2026-08-26-b6ddb672,OVERTHINKING,unknown_score,282,1890,0.06482829907865177,0.07839653690128562,-0.013568237822633847,-0.4391035330640618,-0.016541191596348495,-0.010709663812234038,calibration+development,EXPLORATORY,False
bm25|wdi-pilot-2026-08-26-b6ddb672,OVERTHINKING,latency_ms,282,1890,1.438752480151779,1.3191933334046215,0.11955914674715751,0.3251000343450761,0.07315455032749485,0.17130215274117422,calibration+development,EXPLORATORY,False
bm25|wdi-pilot-2026-08-26-b6ddb672,OVERTHINKING,ambiguity_score,282,1890,0.6258077056737589,0.6589217957671958,-0.03311409009343691,-0.23551351348238758,-0.0494520475515029,-0.017206993042890972,calibration+development,EXPLORATORY,False
bm25|wdi-pilot-2026-08-26-b6ddb672,OVERTHINKING,open_set_score,282,1890,0.0,0.0026455026455026454,-0.0026455026455026454,-0.07283570407292296,-0.005291005291005291,-0.0005291005291005291,calibration+development,EXPLORATORY,False
bm25|wdi-pilot-2026-08-26-b6ddb672,OVERTHINKING,top1_score,0,0,,,,,,,calibration+development,EXPLORATORY,False
bm25|wdi-pilot-2026-08-26-b6ddb672,OVERTHINKING,top2_score,0,0,,,,,,,calibration+development,EXPLORATORY,False
bm25|wdi-pilot-2026-08-26-b6ddb672,OVERTHINKING,margin,0,0,,,,,,,calibration+development,EXPLORATORY,False
bm25|wdi-pilot-2026-08-26-b6ddb672,OVERTHINKING,entropy,0,0,,,,,,,calibration+development,EXPLORATORY,False
bm25|wdi-pilot-2026-08-26-b6ddb672,OVERTHINKING,retriever_disagreement,0,0,,,,,,,calibration+development,EXPLORATORY,False
bm25|wdi-pilot-2026-08-26-b6ddb672,OVERTHINKING,retrieval_calls,282,1890,1.0,1.0,0.0,0.0,0.0,0.0,calibration+development,EXPLORATORY,False
bm25|wdi-pilot-2026-08-26-b6ddb672,OVERTHINKING,compute_proxy,282,1890,1.1,1.1,0.0,0.0,0.0,0.0,calibration+development,EXPLORATORY,False
bm25|wdi-ci-2026-08-26-6ead85fe,RESCUE,top1_score,0,0,,,,,,,calibration+development,EXPLORATORY,False
bm25|wdi-ci-2026-08-26-6ead85fe,RESCUE,top2_score,0,0,,,,,,,calibration+development,EXPLORATORY,False
bm25|wdi-ci-2026-08-26-6ead85fe,RESCUE,margin,0,0,,,,,,,calibration+development,EXPLORATORY,False
bm25|wdi-ci-2026-08-26-6ead85fe,RESCUE,entropy,0,0,,,,,,,calibration+development,EXPLORATORY,False
bm25|wdi-ci-2026-08-26-6ead85fe,RESCUE,complexity_score,0,30,,,,,,,calibration+development,EXPLORATORY,False
bm25|wdi-ci-2026-08-26-6ead85fe,RESCUE,ambiguity_score,0,30,,,,,,,calibration+development,EXPLORATORY,False
bm25|wdi-ci-2026-08-26-6ead85fe,RESCUE,open_set_score,0,30,,,,,,,calibration+development,EXPLORATORY,False
bm25|wdi-ci-2026-08-26-6ead85fe,RESCUE,unknown_score,0,30,,,,,,,calibration+development,EXPLORATORY,False
bm25|wdi-ci-2026-08-26-6ead85fe,RESCUE,missingness,0,30,,,,,,,calibration+development,EXPLORATORY,False
bm25|wdi-ci-2026-08-26-6ead85fe,RESCUE,hypothesis_disagreement,0,30,,,,,,,calibration+development,EXPLORATORY,False
bm25|wdi-ci-2026-08-26-6ead85fe,RESCUE,retriever_disagreement,0,0,,,,,,,calibration+development,EXPLORATORY,False
bm25|wdi-ci-2026-08-26-6ead85fe,RESCUE,retrieval_calls,0,30,,,,,,,calibration+development,EXPLORATORY,False
bm25|wdi-ci-2026-08-26-6ead85fe,RESCUE,latency_ms,0,0,,,,,,,calibration+development,EXPLORATORY,False
bm25|wdi-ci-2026-08-26-6ead85fe,RESCUE,compute_proxy,0,0,,,,,,,calibration+development,EXPLORATORY,False
bm25|wdi-ci-2026-08-26-6ead85fe,OVERTHINKING,top1_score,0,0,,,,,,,calibration+development,EXPLORATORY,False
bm25|wdi-ci-2026-08-26-6ead85fe,OVERTHINKING,top2_score,0,0,,,,,,,calibration+development,EXPLORATORY,False
bm25|wdi-ci-2026-08-26-6ead85fe,OVERTHINKING,margin,0,0,,,,,,,calibration+development,EXPLORATORY,False
bm25|wdi-ci-2026-08-26-6ead85fe,OVERTHINKING,entropy,0,0,,,,,,,calibration+development,EXPLORATORY,False
bm25|wdi-ci-2026-08-26-6ead85fe,OVERTHINKING,complexity_score,0,30,,,,,,,calibration+development,EXPLORATORY,False
bm25|wdi-ci-2026-08-26-6ead85fe,OVERTHINKING,ambiguity_score,0,30,,,,,,,calibration+development,EXPLORATORY,False
bm25|wdi-ci-2026-08-26-6ead85fe,OVERTHINKING,open_set_score,0,30,,,,,,,calibration+development,EXPLORATORY,False
bm25|wdi-ci-2026-08-26-6ead85fe,OVERTHINKING,unknown_score,0,30,,,,,,,calibration+development,EXPLORATORY,False
bm25|wdi-ci-2026-08-26-6ead85fe,OVERTHINKING,missingness,0,30,,,,,,,calibration+development,EXPLORATORY,False
bm25|wdi-ci-2026-08-26-6ead85fe,OVERTHINKING,hypothesis_disagreement,0,30,,,,,,,calibration+development,EXPLORATORY,False
bm25|wdi-ci-2026-08-26-6ead85fe,OVERTHINKING,retriever_disagreement,0,0,,,,,,,calibration+development,EXPLORATORY,False
bm25|wdi-ci-2026-08-26-6ead85fe,OVERTHINKING,retrieval_calls,0,30,,,,,,,calibration+development,EXPLORATORY,False
bm25|wdi-ci-2026-08-26-6ead85fe,OVERTHINKING,latency_ms,0,0,,,,,,,calibration+development,EXPLORATORY,False
bm25|wdi-ci-2026-08-26-6ead85fe,OVERTHINKING,compute_proxy,0,0,,,,,,,calibration+development,EXPLORATORY,False
